rank,id,name,sector,group,overlap,logistics,density,access,longtail,breadth,partial_obs,consumption,cadence,ops_dependence,structural_fit,gate_menu,gate_outcome,gate_constraints,gate_feedback,gate_multiplier,perimeter,perimeter_multiplier,actionable_score,reject_reasons,access,scale,data,menu,sales_tape,consumption,risk,experiment,confidence,sources
1,govsurplus,"Government & municipal surplus auctions (GovDeals, GSA Auctions, GovPlanet/DLA)",Liquidation,t2,Adjacent: Heavy equipment auctions; Dealer used-car auctions; 'Surplus laptops' — as a unified supply source it is new,3,3,3,3,3,3,1,3,3,92.6,Y,Y,Y,Y,1.0,,1.0,92.6,Attention · Capacity · Operational fit,3,"GovDeals 15,000–25,000 active lots/day, 900+ categories, 4.5M+ auctions completed; GovPlanet ~3.5k gov items + 7.4k trucks/trailers.","GovDeals/GSA closed results; BidProwl aggregates sold prices across 27 sources (GSA vehicle median $4,314, IQR $1,050–8,565, n=188).",Lot (category × item × condition photos × location × removal deadline) × bid,Win → pay → pickup (deadline) → title/transport → resale over weeks → storage/abandonment fees,1,"As-is, photo-only; hard removal deadlines and pickup logistics decide margin; titling.",Use BidProwl-class archives + a reseller's bid log (won/lost) with pickup cost; score lots within 300 miles; measure abstention on title-issue lots.,high,https://featured.govdeals.com/by-the-numbers | https://bidprowl.com/guides/govdeals-faq | https://govauctions.app/guides/gsa-auctions-faq | https://www.govplanet.com/buyer-faq
2,flowers,"Cut-flower & plant clock auctions (Royal FloraHolland, Plantion)",Perishables,industrial,New — no floral entry in the 135,3,3,2,3,3,2,3,3,3,92.6,Y,Y,Y,Y,1.0,,0.95,88.0,Attention · Time · Capacity,2,"2025 product turnover €5.4B; clock >€2B on ~5bn stems; 18,930 distinct products auctioned; >100,000 transactions/day; 35 clocks; ~6,000 growers; 4 hubs.",Floriday platform + API; RFH weekly price stats (members); public annual report; clock shows every lot incl. the ones you passed.,Lot (product × grade × grower × day) × trolleys × clock price / pre-sale offer,Clock purchase → cold-chain dispatch → customer sale (florist/exporter) → returns/credit → destruction of unsold stems,3,Turnover minimum + Dutch entity for a new operator; unsold/'doorgedraaid' rates not published; vase-life and downstream sell-through hidden at purchase.,Log 4 weeks of clock lots for 200 products incl. passes; shadow-score against a wholesaler's realised sales; measure predicted vs realised margin by product/grade.,high,https://www.royalfloraholland.com/en/buying-2/marketplace/become-a-customer | https://www.floraldaily.com/article/9801629/nl-almost-eur5-billion-in-flowers-and-plants-traded-via-the-clock-in-2025/ | https://www.royalfloraholland.com/en/news-2026/week-13/royal-floraholland-succesvol-2025-productomzet-groeit-naar-5-4-miljard-euro
3,faire,Independent-retail wholesale buying on Faire / Ankorstore,Commerce,core,"Adjacent: Amazon wholesale; E1 'Overlooked supplier catalogue' — the small-retailer, marketplace-supply version",1,3,3,3,3,2,3,2,3,85.2,Y,Y,Y,Y,1.0,,1.0,85.2,Attention · Prediction · Scale,3,"Faire: 100,000+ brands; Ankorstore FY2025: 30,000+ brands, 300,000+ retailers, €1.2B GMV, €160 AOV, ~45% repeat.",No retailer-side API; own order history + store POS; platform 'bestseller' badges only.,Catalogue line (brand × SKU × case size × wholesale price × terms) × order qty — the whole catalogue you did not order is the reject set,Order → receipt → store sell-through over weeks–months → markdown/return (first order only),3,Sell-through only visible in own POS; taste-driven demand; catalogue snapshots needed for declined set; net-60 hides cash cost.,Independent retailer: 18 months of Faire orders + weekly catalogue snapshots + POS sell-through; shadow-score reorders and first-time brands; measure abstention on slow categories.,medium-high,https://www.faire.com/how-faire-works | https://garnetmarketplace.com/marketplaces/ankorstore.html
3,kitchen,Restaurant & commercial-kitchen equipment liquidations,Equipment,t2,Adjacent: Office clearance lots; Industrial surplus equipment — distinct vertical,3,2,3,3,3,3,1,2,3,85.2,Y,Y,Y,Y,1.0,,1.0,85.2,Capacity · Operational fit · Attention,3,"BidSpotter snapshot Sep 2026: 1,853 restaurant/bar lots live; US restaurant closures 886–1,650/month (2025); 2026 chain closures ~1,000 locations.",Auctioneer archives (prices realised for registered users); BidSpotter/Proxibid past results; eBay sold; WebstaurantStore new-price comps.,Lot (item × make/model × condition note × location × pickup window) × bid,"Win → removal (disconnect, rigging) → test/clean → resale (eBay/local) over 2–8 weeks → scrap",1,'Working when removed'; refrigerant/gas faults; removal deadlines; geographic clustering (WA/GA/FL/CA).,Used-equipment dealer's 12 months of bids (won/lost) + removal cost + resale; score lots; measure abstention on far-away/heavy lots.,medium,https://www.bidspotter.com/en-us/for-sale/food-and-beverage-equipment/restaurant-and-bar-equipment | https://restaurantauctioncompany.com/faqs/ | https://datassential.com/resource/restaurant-closures-2025-trends-data/
5,xborder,"Cross-border marketplace arbitrage (MercadoLibre Global Selling, Allegro, noon)",Commerce,core,Adjacent: Amazon wholesale / online arbitrage; Walmart and marketplace wholesale (domestic) — cross-border is new,3,3,2,3,3,2,3,2,3,88.9,Y,Y,Y,Y,1.0,,0.95,84.5,Complexity · Attention · Time,2,Whole catalogues per country; ML Full storage $0.0005–$0.024/unit/day; category counts unpublished.,Marketplace price/BSR history; Nubimetrics / Real Trends for ML (unverified); Keepa-class tools for source side.,SKU (source listing × destination country × marketplace × qty) × landed cost × fees × duties,Source purchase → inbound to ML Full / cross-border parcel → sale → returns/customs delays → biweekly payout,3,Duties/VAT and returns are the hidden costs; FX; marketplace rule volatility; Russian platforms off-limits for a US entity.,"Reuse the Amazon OA pipeline: snapshot ML/Allegro catalogues weekly for 3 months, ship 200 SKUs, replay landed margin; measure abstention vs duty surprises.",medium,https://global-selling.mercadolibre.com/landing/pricing | https://helpcenter.noon.partners/en/category/onboarding-and-registration/documents-required-to-sell-on-noon | https://help.allegro.com/en/marketplaces
5,phones,"Used-smartphone wholesale lots (B-Stock carrier/insurer storefronts, Back Market supply)",Electronics,t2,"Specifies: Refurbished electronics — the auction-lot, best-instrumented version",2,3,2,3,3,3,2,3,3,88.9,Y,Y,Y,Y,1.0,,0.95,84.5,Prediction · Complexity · Time,2,"~1,000 mobile auctions closing per week on B-Stock; 5M+ phones/yr; Mobile Carrier ~500 lots/wk (grades AA+–RR); hundreds of model × storage × carrier SKUs.",B-Stock closed-auction history (login); Swappa sold prices; Aikon grade benchmarks (−12% to −90% vs A); CTIA functional 0–9 × cosmetic A–D grading.,Lot (storefront × grade × model mix × qty × IMEI list) × bid — mutually exclusive lots per closing day,Win → receive → test/grade → activation-lock & yield → refurb → resale over 2–6 weeks → returns,2,"Functional yield, locks, battery health only after receipt; weekly price decay; reseller-cert/R2 gate.",Refurbisher's 12 months of B-Stock bids (won and lost) + yield/resale ledger; score lots; measure predicted vs realised recovery by grade.,high (B-Stock),https://bstock.com/blog/buyers-guide-mobile-storefronts-on-bstock/ | https://bstock.com/mobilecarrier/faq/ | https://sustainableelectronics.org/knowledge-base/ctia-grading-qa/
7,produce,Fresh produce terminal-market wholesale (Hunts Point & regional terminals),Perishables,industrial,Adjacent: Agricultural surplus and off-grade lots; Short-dated food closeouts (both cover off-spec — this is primary spot wholesale),3,3,2,3,3,3,3,3,3,96.3,Y,Y,Y,P,0.9,,0.95,82.3,Attention · Time · Operational fit,2,"Hunts Point: ~47 merchants, $2–2.3B/yr, ~23,000 restaurant customers, ~9% of US produce; ~13 USDA-reported terminal markets; daily lot counts not published.","USDA AMS Market News terminal & shipping-point reports (daily, by commodity/origin/size) + MyMarketNews API (free key, bulk download) — best public feed in this list.",Merchant offer (commodity × origin × size/grade × pack) × cases × day,Purchase → cold storage → restaurant/retail sale (hours–days) → rejections/credits → shrink write-off,3,Declined offers must be captured by the agent (no electronic book); shrink attribution per lot; PACA prompt-pay trust; hours-scale cadence stresses fit latency.,Instrument one wholesaler's daily buys + passed offers for 30 days against USDA terminal prices; replay shrink-adjusted margin; test abstention on volatile commodities.,medium,https://www.ams.usda.gov/rules-regulations/paca/licensing | https://mymarketnews.ams.usda.gov/mymarketnews-api | https://www.nycfoodpolicy.org/hunts-point-distribution-center-brief-overview-spotlight-produce-market/
8,consign,Consignment intake decisions (luxury & local resale shops),Commerce,t2,New — refusal-first market (accept/decline per item offered),1,3,3,3,3,3,1,2,3,81.5,Y,Y,Y,Y,1.0,,1.0,81.5,Attention · Prediction · Capacity,3,TRR FY2025: consignment revenue $535.9M of $693M; 1.056M active buyers; take rate 36.5% (Q4'25).,Platform sold listings; Rebag Clair; no accept/decline datasets published — the shop's own intake log is the asset.,Offered item (category × brand × condition × asking/quote × consignor) × accept / buyout / decline × price,Intake → authentication/regrade → listing → sale → returns → consignor payout (day 15–21) → unsold return after ~90 days,1,Shelf capacity is the binding constraint; regrade after receipt; low consumption.,Consignment shop: 24 months of intake decisions incl. declines + sales; shadow-score intake; measure inventory-turn gain.,medium-high,https://www.globenewswire.com/news-release/2026/02/26/3246067/0/en/the-realreal-announces-fourth-quarter-and-full-year-2025-results.html | https://www.underpriced.app/blog/the-realreal-consignment-guide-2026 | https://www.thriftandtell.com/guides/fashionphileselling
9,itad,Used networking & data-centre gear (ITAD lots),Electronics,t2,Specifies: Refurbished electronics / 'Surplus laptops and IT gear' (landing page),2,3,3,3,3,3,1,2,3,85.2,Y,Y,Y,Y,1.0,,0.95,80.9,Complexity · Attention · Capacity,3,ITAD market $28.3B (2025) → $31.9B (2026); Liquidity Services 500+ categories; servers hold value 3–5 yrs from release.,Closed-auction prices on Liquidity Services marketplaces; dealer quotes; no public used-Cisco/Dell index.,Lot (equipment class × model × qty × drive status × rails/licences) × bid,Win → sanitisation (NIST 800-88) → component test → resale (weeks) → yield write-offs,1,"Component yields, BMC/BIOS locks, missing transceivers; data-sanitisation obligations.",ITAD reseller's 12 months of lot bids (won/lost) + yield + resale; score lots by class/age.,medium,https://www.grandviewresearch.com/industry-analysis/it-asset-disposition-market | https://liquidtechnology.net/how-much-is-used-it-equipment-worth/ | https://www.sktes.com/news/what-is-r2v3
10,paperstock,"Printing paper stocklots & side-runs (Go2Paper, PaperIndex)",Industrial remnants,industrial,New — distinct from recovered-material bales (this is unused stock),3,2,3,3,3,2,3,2,3,88.9,Y,Y,Y,P,0.9,,1.0,80.0,Scale · Complexity · Attention,3,No listing/volume counts published; lot structure (basis weight × brightness × width × core) unverified on the help pages.,No public benchmark; Fastmarkets RISI (paid) as reference; price discovery by RFP.,Lot (grade × basis weight × brightness × width × core × location) × tons × price → matched to a printer's job,Buy → jumbo-roll freight → slit/convert → sale to printer → off-spec claims,3,Spec matching is the business; freight on jumbo rolls; counterparty and quality risk off-platform; slow RFQ cycles on PaperIndex.,Paper merchant's 12 months of stocklot offers (taken/passed) with conversion cost and sale price.,"medium (fees) / low (lots, prices)",https://www.go2paper.com/help/help.asp | https://www.paperindex.com/faq
11,privatelabel,Private-label product launches (Alibaba → Amazon/marketplace) — venture-class bets,Commerce — venture,core,Adjacent: Amazon wholesale / OA — launch selection (no supplier approval) is a different decision,3,3,3,3,3,3,3,1,3,92.6,Y,Y,Y,P,0.9,,0.95,79.2,Prediction · Complexity · Capacity,3,"Unbounded niche menu (Helium 10 / Jungle Scout); Jungle Scout 2025 survey: 40% cite rising costs, 30% fewer sourcing from China; de minimis ended May/Aug 2025.",Helium 10 / Jungle Scout demand estimates; Keepa; Brand Analytics (sellers only); no public per-launch outcome dataset — '90% fail' claims unsourced.,Launch (niche × supplier quote × MOQ × unit cost × freight × tariff × ad budget) × order qty — each row is a small startup,PO → inspection → freight → FBA → sales/PPC → reviews → returns → reorder or liquidation,3,Data floor: $4–12k per observed launch → ≥100 observed launches ≈ $0.5–1M of history for one operator; 3–6 month cycles; tariff drift; platform suspension risk.,Pool anonymised launch ledgers from several aggregators/agencies (enterprise); test if P34 abstains on launches that later died; membership version = only for operators with 100+ past launches.,medium (costs/tariffs high; failure rates low),https://sell.amazon.com/blog/brand-registry-requirements | https://www.unicargo.com/de-minimis-ended-2026-tariffs-guide-amazon-fba/ | https://www.junglescout.com/resources/reports/amazon-seller-report-2025/
12,fish,Electronic fish auctions (Pefa clock network; Portland Fish Exchange),Perishables,industrial,New,3,2,2,2,2,2,3,3,3,81.5,Y,Y,Y,Y,1.0,,0.95,77.4,Time · Operational fit · Capacity,2,"Dutch first sale 2025: 26,682 t / €145M across 12 auctions (7 on Pefa); dozens of species × size × grade per port; lots/day not published.",Pefa Data (paid); EUMOFA first-sale prices (free weekly/monthly); PFEX daily/weekly price reports; live clock.,Lot (species × size × grade × port × vessel) × boxes × clock price,Clock buy → same-day cold-chain → processor/retail sale → yield loss/shrink → claims,3,Per-auction bank guarantees; lot counts unverified; yield/shrink only after processing; same-day cadence.,Subscribe to one Pefa clock; record every lot and pass for 6 weeks; shadow-score against a fishmonger's realised resale; measure abstention value on gluts.,medium,https://www.pefa.com/how-to-buy-fish-with-the-pefa-auction-network/ | https://fishery-aquaculture-market-observatory.ec.europa.eu/en/country-and-species-profiles/country-profiles/netherlands | https://www.pfex.org/auction/
13,ecomponents,Excess & obsolete electronic components brokerage (independent distribution),Electronics,industrial,Adjacent: Spare-parts stocking; Industrial surplus equipment — MPN brokerage is distinct,1,3,3,3,3,3,3,2,2,85.2,Y,Y,Y,P,0.9,,1.0,76.7,Attention · Prediction · Complexity,3,"1B+ MPNs; 621,909 components EOL'd in 2025 (52% without PCN); 2026 shortage: DRAM contract +90–95% QoQ Q1 2026, FPGA lead times 40 wks, MCU up to 55 wks.","Nexar / Sourcengine APIs (price, stock); Z2Data / SiliconExpert lifecycle (paid); ERAI reports; TrendForce; Baird lead-time monitor.",Line (MPN × date code × qty × source × price × test level) × buy/pass against RFQ demand,Buy → AS6081 test (days) → sale to OEM/EMS → returns/nonconformance → write-off of unsold reels,3,Counterfeit/nonconforming risk (ERAI 748 reports 2025; 24% pass electrical-only tests); shortage cycles are multi-quarter regimes; spreads unpublished.,"Broker's 24 months of RFQs, quotes, buys and sales; join test results; score buy/pass per line under shortage/normal regimes with lifecycle features.",medium-high,https://www.sourcengine.com/api-integrations | https://nexar.com/api | https://www.dasenic.com/blog/knowledgeHub/obsolete-components-in-2026-eol-list-shortage-statistics-what-to-do-about-it | https://www.oxebridge.com/emma/erai-report-counterfeit-electronics-on-the-decline-despite-increase-in-sales/
13,labeq,"Used lab & scientific equipment (LabX, BioSurplus, EquipNet, Heritage Global)",Equipment,t2,Adjacent: Industrial surplus equipment,3,2,3,3,3,3,1,2,3,85.2,Y,Y,Y,P,0.9,,1.0,76.7,Complexity · Attention · Capacity,3,Listing counts not published; HGP ~20+ biotech auctions Jan–Jul 2026; university surplus via Public Surplus/GovDeals.,No public sold-price index; Bidspotter results after login; LabX asking prices.,Lot (instrument × model × calibration/service status × removal window) × bid,Win → rigging/decon → test → resale (weeks) → OEM licence transfer issues,1,Scale unverified; software licences and calibration unknown until powered; export controls on some analytical gear.,Lab-equipment dealer's auction bids (won/lost) + test outcomes + resale for 12 months; score by instrument class.,low-medium,https://www.hgpauction.com/biotech-pharmaceutical-auctions/ | https://www.labx.com/ | https://www.excedr.com/blog/laboratory-equipment-auctions
13,salvage,"Insurance-salvage merchandise lots (Salvex, Fr8Auctions, insurer programs)",Liquidation,t2,Adjacent: Liquidation and B-stock pallets; Returned-goods resale — insurer supply is distinct,3,2,2,3,3,3,2,2,3,85.2,Y,Y,Y,P,0.9,,1.0,76.7,Complexity · Attention · Capacity,2,"Salvex ~5k live lots (heavily industrial/aviation); Liquidity Services FY2025 GMV $1.57B, 6.0M registered buyers; Fr8 weekly.",Per-listing bid counts on Salvex; closed prices for registered Liquidity Services users; no index.,Lot (category × damage type × manifest completeness × location × branding restriction) × bid,Win → freight → inspection/sort → resale by channel → destruction of de-labelled goods,2,Damage extent hidden; control-of-damaged-goods clauses (brands destroy instead of salvage); Fr8 gate.,"Salvage buyer's 12 months of bids (won/lost, bid counts) + recovery ledger; score lots by damage type.",medium,https://www.salvex.com/ | https://fr8auctions.com/registration/ | https://liquidityservices.com/press-releases/liquidity-services-announces-fourth-quarter-fiscal-year-2025-0 | https://www.munichre.com/en/insights/mobility-and-transport/high-price-brand-protection.html
13,millends,Mill-end textiles & flexible-packaging film remnants (B2B),Industrial remnants,industrial,Adjacent: Deadstock and branded apparel lots; Industrial by-products — remnant rolls into small jobs is new,2,2,3,3,3,2,3,2,3,85.2,Y,Y,Y,P,0.9,,1.0,76.7,Scale · Complexity · Operational fit,3,"No published volumes; jobber deadstock $5–15/yd at 50–70% below mill price (Style3D, marketing source).",No index or API; quote-driven.,Roll (spec × width × length × location × age) × qty × price → matched to a small job,"Buy → LTL → cut/convert or resell → yardage shortfall, defects, dye-lot disputes",3,"Thin comps; freight can exceed remnant value; actual yardage, flaws and (for film) treatment decay hidden until receipt; film-remnant side unverified.",Jobber's 12 months of lots offered/taken and sell-through by spec; test spec-match features vs realised margin.,low,https://www.style3d.ai/blog/what-are-fabric-jobbers-and-how-do-they-benefit-fashion-designers/
17,nursery,Nursery stock & live-plant wholesale (landscape trade),Perishables,t2,Adjacent: Rare plants and seeds (collectibles) — this is trade wholesale,3,2,2,3,3,3,3,2,3,88.9,Y,Y,Y,P,0.9,,0.95,76.0,Attention · Complexity · Operational fit,2,"USDA 2019 census: $13.8B, 20,655 operations; nursery stock $4.55B; PlantANT claims 613,182 listings / 36,871 varieties; CA+FL+OR = 66% of sales.",Grower availability lists (weekly PDF/Excel); LandscapeHub member pricing; ANSI Z60.1 grading; no public price index.,Plant (species × cultivar × size × container × grower) × quantity × landed price,Purchase → freight → hold in yard → job installation or retail sale → mortality/shrink write-off,3,Seasonality and weather; mortality attribution; phytosanitary quarantines; no central price archive.,Aggregate 20 growers' availability lists weekly for a season; join a landscaper's job pipeline and yard shrink; score buy-vs-pass per line.,medium,https://www.nass.usda.gov/Newsroom/archive/2020/12-08-2020.php | https://blog.landscapehub.com/how-to-source-nursery-products-wholesale-without-the-hassle | https://www.plantant.com/
18,biomass,Biomass wood-chip / pellet spot (BALTPOOL-class auctions),Energy feedstock,industrial,New,3,2,2,2,2,2,3,2,3,77.8,Y,Y,Y,Y,1.0,,0.95,73.9,Operational fit · Scale · Time,2,"2020–21 season: 4M MWh traded, 453 registered participants (117 international) — dated; 2025 volumes unverified. Avg supply prices then LT €10.89/MWh, LV €12.15, EE €12.90.","BALTPOOL public market data and monthly statistics; Argus Biomass Markets (paid); US pellet/chip indexes paid (ResourceWise, FutureMetrics).",Lot (quality class × origin × delivery week × distance) × MWh × €/MWh bid,Award → delivery → moisture/ash measurement → settlement on delivered energy → penalties,3,Moisture and haul dominate value; EU sustainability certification (RED III/SBP); auction results public incl. unmatched bids — good declined-option record.,Replay BALTPOOL auction history for a supplier: bids won/lost vs delivered-energy settlement; test abstention on long-haul lots.,medium (2021-vintage scale),https://www.svebio.se/en/press/pressmeddelanden/increased-volumes-traded-international-biomass-exchange/ | https://www.baltpool.eu/en/biomass-exchange/how-to-trade/
19,carhaul,Vehicle-transport load boards (Central Dispatch class),Logistics,capacity,"Adjacent: Truckload boards; Backhaul matching (this is per-vehicle, multi-car routing)",3,3,2,3,3,2,1,3,3,85.2,Y,Y,Y,P,0.9,,0.95,72.8,Operational fit · Time · Capacity,2,"Central Dispatch: 10,000,000+ vehicles posted/yr (~27k/day), 20,000+ carriers; cancellations +24.8% H1-26, 4.64% of orders cancelled for inadequate rate.","In-app daily market price tool; CCJ rate surveys ($2.04/mi short haul ≈ $623/vehicle; $0.55/mi cross-country ≈ $1,534); no open API.",Load (vehicle × origin/destination × pickup window × open/enclosed × rate) × accept/decline given truck position and open slots,Accept → pickup → delivery (BOL inspection) → damage claims → payment (net terms/quick-pay),1,Rolling menu with interference (paper: rapidly expiring menus); declined loads must be logged by the dispatcher agent; damage-claim rates not published.,Carrier with 3–9 car trailers: 6 months of board snapshots + accepted/declined loads + realised margin per trip; score load sets under routing constraints.,medium,https://www.centraldispatch.com/ | https://www.ccjdigital.com/economic-trends/freight-demand/article/15834395/how-much-does-it-cost-to-ship-a-car-in-2026-rates-trends | https://superdispatch.com/blog/carrier-insurance/
19,barge,Inland barge spot capacity (shipper-side quoting),Logistics capacity,capacity,New — distinct from Ocean freight capacity and Container repositioning,3,2,2,3,2,2,3,3,3,85.2,Y,Y,Y,P,0.9,,0.95,72.8,Operational fit · Time · Capacity,2,"Rates quoted as % of the 1976 benchmark tariff × $/ton (St. Louis $3.99, Twin Cities $6.19, Cairo–Memphis $3.14); USDA GTR publishes weekly grain-barge tons and rates.",USDA AMS Grain Transportation Report (weekly); agtransport.usda.gov Barge Dashboard + 3-month forward rate datasets (Socrata downloads); OpenTug rate guide.,Quote (lane × commodity × tons × sailing week × draft/tow constraints) × accept / decline,"Booking → loading → transit (locks, river stage) → delivery → demurrage/cleaning → payment",3,"Draft restrictions, lock outages and low-water spikes (Oct 2022) are regime shocks; fleeting/demurrage hidden; declined quotes must be self-logged.",Grain shipper/broker's 12 months of quotes accepted/declined vs USDA weekly rates and realised transit cost.,medium-high (benchmarks),https://opentug.com/blog/comprehensive-guide-to-barge-rates | https://agtransport.usda.gov/stories/s/Barge-Dashboard/965a-yzgy/ | https://www.ams.usda.gov/sites/default/files/media/GTR08062026.pdf
21,tiktokshop,"TikTok Shop / dropship product tests — venture-class, days cadence",Commerce — venture,core,New (Marketplace sponsored listings is the ad side; this is product-test selection),2,3,3,3,3,3,3,3,2,92.6,Y,Y,P,P,0.81,,0.95,71.3,Time · Prediction · Attention,3,"US: ~475k–800k shops (sources conflict), ~216k with sales; US GMV 2025 ~$15B (Canopy); global $64–66B; ~2,000 US shops >$1M.",Seller Center analytics (own); Kalodata / FastMoss cross-shop estimates; no public return/CAC archive.,Product test (SKU × supplier × price × creative × affiliate commission × ad budget) × launch/skip — thousands of candidate products per week,Launch → ad/affiliate spend → orders → delivery → returns/refunds → payout; kill or scale within days,3,Platform-rule volatility (referral fee 6%→8% Aug 2026; gated categories); attribution of affiliate/ad demand; constraints change under you (gate 'Constraints' = Partial).,Operator with 300+ past product tests: replay launch/skip decisions with ad spend and return tape; test 7-day kill/scale policy vs P34 abstention; keep fees as dated features.,medium,https://canopymanagement.com/tiktok-shop-eligibility-what-you-need-to-get-started/ | https://delzonic.com/blogs/tiktok-shop-fee-increase-2026/ | https://redstagfulfillment.com/how-many-tiktok-shop-sellers/
22,timber,"Standing timber & log sales (state/federal auctions, private stumpage, log yards)",Industrial / agri,industrial,New,3,1,2,3,2,3,2,1,3,74.1,Y,Y,Y,Y,1.0,,0.95,70.4,Capacity · Operational fit · Complexity,2,"USFS FY2025 sold 2.94 BBF (goal 4 BBF by FY28); WA DNR monthly auctions with results published since 1969; sample GNA sales 2,442–11,547 MBF, 2 of 4 with no bids.","WA DNR / ODF full bid archives incl. no-bid sales; USFS cut-and-sold reports; TimberMart-South (quarterly, subscription); state extension price reports.",Sale (tract × species mix × cruised volume × haul distance × contract term) × bid $/MBF or $/ton,Award → logging → scaling at mill → delivered-log payments over months → defect/grade recovery variance,2,"Feedback arrives over months–years (paper boundary: too slow vs regime); $1M+ tickets on public sales; operator fit (crews, mills) dominates; cruise vs scale error is the market.",Backtest 10 years of DNR/ODF results incl. no-bid sales against delivered-log price series; test whether P34 abstains on single-bidder tracts that later lost money.,medium-high,https://www.dnr.wa.gov/programs-and-services/product-sales-and-leasing/timber-sales/timber-auction-results | https://www.oregon.gov/odf/working/pages/timbersales.aspx | https://www.fs.usda.gov/about-agency/accomplishments | https://timbermart-south.com/
22,recruit,Contingency recruiting job-order selection (split-fee networks),Services,contracts,Adjacent: Freelance-platform work arbitrage; Lead purchasing; B2B outbound prospecting,0,2,2,3,3,3,2,2,3,74.1,Y,Y,Y,Y,1.0,,0.95,70.4,Attention · Prediction · Capacity,2,Open job orders per network unpublished; fees 15–25% of first-year base; time-to-fill ~36 days; Paraform avg placed comp $260k.,No public archive; BountyJobs exposes employer responsiveness/payment metrics; the agency's own ATS holds worked vs passed reqs.,Job order (role × employer × fee % × exclusivity × location × responsiveness) × work / pass × sourcing hours,Submit → interview → placement → 60–90 day guarantee → fall-off / non-payment → fee received,2,Fall-off and non-payment 60–90+ days later; capacity (recruiter hours) is the constraint; no logistics.,Agency's 3 years of ATS job orders (worked/passed) + placements/fall-offs; shadow-score req selection.,medium,https://bountyjobs.com/recruiter-faq | https://topechelon.com/product/te-network/ | https://www.paraform.com/blog/contingency-recruiting-guide
24,hay,"Hay, forage & feed lots",Perishables / agri,industrial,Adjacent: Small livestock and equipment auctions,3,2,3,2,1,2,3,2,3,77.8,Y,Y,Y,P,0.9,,1.0,70.0,Operational fit · Scale · Time,3,"USDA AMS state reports (CA 9/25/2026: 25,550 t + 44,544 bales confirmed); HayWire index 83 quotes/19 markets weekly; national $166/t (wk of 21 Sep 2026).","USDA AMS Market News (free; MyMarketNews API); HayWire index; extension surveys. Prices: Alfalfa Premium $300–310/t, Fair $109–165/t; TX $345 vs MN $111.",Lot (type × quality grade × bale format × location × test status) × tons × delivered price,Buy → truck → store → resale or feed-out over weeks → moisture/mold rejection,3,Few asset types (breadth low); freight 30–50% of delivered price dominates; quality tests 'honor system'; regional spreads are the edge.,"Take 12 months of AMS + auction data; join a hay dealer's buys, freight and sales; test whether regional spread minus freight predicts realised margin and when to pass.",high (data) / medium (marketplace scale),https://www.ams.usda.gov/mnreports/ams_2904.pdf | https://haywireag.com/prices.html | https://www.rockvalleyhay.com/web/faqs/
24,pallets,"Recycled pallet, IBC tote & drum trading",Packaging / logistics,t4,New,3,3,3,2,1,2,2,2,3,77.8,Y,Y,Y,P,0.9,,1.0,70.0,Scale · Operational fit · Capacity,3,"48forty: 240+ facilities, 850+ partners; Q1-2026 report: 396 verified supplier listings in 50 states; core buy avg $2.75 (range $1.60–12.84), Grade A sell avg $9.04, regional spread 85%.",Repackify pricing guides; usedpalletrecycling quarterly report; Pallet Enterprise surveys (paywalled). IBC avg $61 (range $11–144).,Load (core source × grade mix × location) × pallets × $/pallet; IBC lot × condition × prior contents,Buy cores → sort/repair → truckload sale → dock re-grade / rejection,2,Few SKUs (breadth low); freight decides everything; grade drift at the dock; hazmat residue on totes.,"One recycler's 12 months of core buys, sort yields, repair labour and sales by lane; score buy/pass per source and lane; test regional spread capture.",medium-high,https://www.repackify.com/blog/what-is-a-gma-pallet-48x40-standard-grades-pricing | https://usedpalletrecycling.com/blog/2026-used-pallet-pricing-report | https://www.48forty.com/company-48forty
24,toys,"Retired toy lines & mass collectibles (Funko, Hot Wheels STH, Pop Mart/Labubu, Jellycat)",Collectibles,t1,Adjacent: Retired LEGO sets; Sealed TCG; Sneakers (Tier 1 family),1,3,3,3,3,2,1,3,2,77.8,Y,Y,Y,P,0.9,,1.0,70.0,Prediction · Time · Attention,3,"Funko ~800 licensed properties; Hot Wheels 30 Super Treasure Hunts/yr (resale $19–350); Pop Mart #1 collectibles brand on StockX since Oct 2024, cooling in 2026 (latest drop −14.3%).",hobbyDB Pop Price Guide; PriceCharting (Funko); StockX per-SKU sales history; eBay sold.,Item (line × SKU × exclusive/chase flag × box condition) × qty × buy price × channel,Buy → hold → sale on StockX/eBay (days–months) → fees 10–15% → fad reversal write-down,1,"Fad-driven regimes (Labubu 2026 cooling); counterfeits (11,000+ seized Seattle 2025); low consumption → capital competition.",Reseller's ledger of drops bought/passed + StockX/eBay realised; test P34 on the 2025→26 Labubu regime shift.,medium,https://stockx.com/about/stockxs-midyear-trend-report-has-asics-and-salomon-among-fastest-growing-sneaker-brands-sees-new-records-for-labubu-and-triple-digit-sales-growth-for-trading-cards/ | https://www.autoevolution.com/news/hot-wheels-super-treasure-hunt-prices-2025-vs-2024-253713.html | https://www.iam-media.com/article/pop-mart-intensifies-anti-counterfeiting-efforts-labubu-products-fakes-the-rise-and-prices-decline
24,handbags,"Luxury handbag & accessories resale (Fashionphile, Rebag, TRR, eBay AG)",Collectibles / fashion,t2,Adjacent: Entry-tier watches and microbrands (authentication-risk family),1,3,3,3,3,3,1,2,2,77.8,Y,Y,Y,P,0.9,,1.0,70.0,Prediction · Attention,3,"TRR FY2025 GMV $2.13B, 3.59M orders, AOV $594; Rebag Clair 2025: Hermès 138%, Goyard 132% value retention; item-level Kelly Mini II 282%.",Rebag Clair annual index; Fashionphile/TRR sold listings; eBay sold comps; no days-to-sell published.,Item (brand × model × size × colour × year × condition) × buy price × channel,Buy → authentication → listing → sale (weeks) → 15-day returns → take rate realised at sale,1,Authentication/regrade after receipt; take rates 36.5% (TRR); fashion regime shifts.,Reseller's quote history (Fashionphile quotes accepted/declined) + realised sales for 12 months.,medium-high,https://www.prnewswire.com/news-releases/rebag-releases-its-sixth-annual-clair-report-a-comprehensive-luxury-appraisal-index-for-resale-302637452.html | https://pages.ebay.com/authenticity-guarantee-handbags-seller | https://www.globenewswire.com/news-release/2026/02/26/3246067/0/en/the-realreal-announces-fourth-quarter-and-full-year-2025-results.html
28,coffee,"Specialty green-coffee spot lots (importer spot lists, Cup of Excellence)",Perishables / consumables,industrial,New,2,2,3,3,2,2,3,2,3,81.5,Y,Y,Y,P,0.9,,0.95,69.7,Attention · Complexity · Scale,3,"Hundreds of live spot lots per importer (spot/afloat/future); CoE ~10 auctions/yr × 30 lots; Nicaragua 2025: ~2,800 bids from 100+ companies.","Importer offer sheets with Q-grader cupping scores; CoE public results archive (1999→: score, rank, price/lb, buyer); ICE 'C' futures as basis.",Lot (origin × farm × process × grade × cup score × warehouse) × bags × price/lb,Buy spot → warehouse release → roast → wholesale/retail sale over weeks → fading write-down,3,Declined lots only recorded if offer sheets are snapshotted; value is operator-mediated (roasting + sales channel); seasonality of arrivals.,Snapshot two importers' spot lists daily for 90 days; join a roaster's purchase + sell-through ledger; test whether cup score/price residuals predict margin.,medium-high,https://www.cafeimports.com/north-america/blog/purchase-planning/coffee-ordering-faq/ | https://royalcoffee.com/how-to-buy/ | https://cupofexcellence.org/about-coe-auctions/
28,bales,"Recovered-material bales (OCC, mixed paper, PET/HDPE)",Recycling,industrial,Adjacent: Scrap metal and e-waste recovery (different materials),3,2,3,2,1,3,3,2,3,81.5,Y,Y,Y,P,0.9,,0.95,69.7,Operational fit · Scale · Complexity,3,"BaleBid snapshot: 590 listings (1,153 t paper, 1,328 t cardboard, 7,959 t plastic); ReMA PS-2026 defines dozens of paper grades; broader flow bilateral.","RecyclingMarkets.net SMP (subscription; Sep 2026 OCC $90/t, mixed $35–40/t, PET 2.61¢/lb, nat. HDPE 36.5¢/lb); Fastmarkets RISI; Resource Recycling monthly (free).",Load (grade × moisture × contamination × origin × lane) × tons × $/t delivered,Buy → truck/ship → mill receipt & grading → claims within 2 business days → downgrade/rejection → payment,3,Contamination grade only at mill receipt; commodity-like index (few grades) limits long-tail edge; export rules; brokers earn $/t spreads.,A broker's 18 months of loads incl. quotes not taken; join mill claims; test whether P34 abstains on high-claim generators/lanes.,medium-high,http://resource-recycling.com/recycling/2026/09/09/bale-pricing-mostly-flat-for-september/ | https://www.recycledmaterials.org/wp-content/uploads/Guidelines-for-Paper-Stock-Revisions-Jan-2026-1.pdf | https://www.balebid.com/
30,unclaimed,"Unclaimed freight, abandoned cargo & customs (General Order) auctions",Logistics / liquidation,t2,Adjacent: Liquidation and B-stock pallets; Storage unit auctions (different supply),3,1,3,3,3,3,2,2,3,85.2,Y,P,Y,P,0.81,,1.0,69.0,Complexity · Attention · Capacity,3,GO goods saleable 6 months after import (19 CFR 127.4); auction frequency/lot counts unpublished; Fr8 weekly.,No public results archive (unverified); Salvex/HiBid closed lots for some liquidators.,Lot (container/pallet × declared contents × condition × export-only flag × location) × bid,Win → pay in 2 days → pickup ≤15 days → sort → resale by channel → unsellable disposal,2,Contents/condition largely hidden; export-only lots; sealed bids = your own passes only; sporadic supply.,Log every GO/Fr8 lot and bid decision for 6 months; join resale ledger; test if manifest features + inspection notes predict recovery.,medium,https://cwsmarketing.com/faqs/faqs-us-customs-go-merchandise/ | https://www.ecfr.gov/current/title-19/chapter-I/part-127 | https://fr8auctions.com/turning-lost-freight-into-lucrative-opportunities/
31,archsalvage,Architectural salvage & reclaimed building materials,Construction reuse,t2,Adjacent: Construction material surplus (new excess) — reclaimed/deconstruction supply is new,3,2,3,3,3,3,2,2,3,88.9,Y,P,Y,P,0.81,,0.95,68.4,Operational fit · Complexity · Capacity,3,ReStore count commonly cited ~900 US (unverified); no sales figures; inventory unlisted.,Reclaimed-lumber price pages (dealers); no index; no API.,Lot (material × spec × condition × haul distance × buyer job) × bid / pass,"Buy → deconstruct/haul → de-nail, re-mill → sale to a job or yard → yield loss, lead/asbestos disposal",2,Condition variance and haul cost dominate; structural reuse needs re-grading/engineer sign-off; lead paint and asbestos; walk-in inventory means the menu must be built by hand.,Salvage yard's 12 months of lots offered/taken with haul and re-milling cost vs realised sales.,low-medium,https://www.habitat.org/restores | https://thegreenmissioninc.com/the-lumber-market-in-2026/
32,tires,"Tire wholesale — closeouts, used & retread",Auto consumables,t2,"Adjacent: Auto parts, OEM take-offs and cores",2,2,2,2,3,2,3,2,3,77.8,Y,Y,Y,P,0.9,,0.95,66.5,Scale · Attention · Operational fit,2,"ATD: 90,000+ SKUs, 110+ DCs, 80,000+ customers; ~250M scrap tires/yr in US (79% to end markets); closeout flow unverified.",Retail comps (Tire Rack); MTD Facts Issue (paywalled); no closeout index.,SKU (size × brand × model × DOT age × condition) × units × cost; used lots by grade,Buy → LTL → fit/resell over weeks → warranty/returns → scrap disposal fee,3,Closeout flow and tire-only margin unverified; bulky low value density; DOT-age risk on aged closeouts.,A regional tire shop's 12 months of distributor closeout offers + used-lot buys vs sell-through; score by size/age; measure pass value on slow sizes.,medium-low,https://www.atd.com/about-us/article/we-are-american-tire-distributors/ | https://www.ustires.org/advocacy/tire-recycling-markets | https://www.moderntiredealer.com/home/news/55263033/mtds-facts-issue-examines-us-tire-market
32,solar,Second-hand & excess solar panels and inverters,Energy hardware,industrial,New,3,2,2,2,2,3,2,2,3,77.8,Y,Y,Y,P,0.9,,0.95,66.5,Complexity · Operational fit · Prediction,2,"Global secondary ≈1 GW/yr; US exports >50 MW in 2025; EnergyBin 14,462 modules posted early 2026; 98% of 'resale' modules in 2025 were excess NEW stock.",EnergyBin resources (used avg $0.070/W 2025 vs new DDP US $0.290/W); pvXchange/secondsol price lists; no US transaction index.,Lot (make × model × wattage × condition/test data × location) × panels × $/W,Buy → flash/EL test → pallet freight or export → sale to installer/exporter → breakage/hazardous-waste determination,2,Sellers list without flash data; margins 'often too thin'; EPA hazardous-waste determination if unfit; UFLPA traceability.,Reseller's 12 months of lots with test results and sales; test whether P34 abstains on untested/low-W lots.,medium-high,https://resources.energybin.com/solar-resources/global-solar-panel-resale-poised-to-take-off-despite-challenges | https://www.epa.gov/hw/solar-panel-frequent-questions | https://www.secondsol.com/en/index.htm
32,smb,Micro-acquisitions of small businesses (BizBuySell / Acquire.com tier),Venture,t3,"Adjacent: Micro-website and newsletter acquisitions (Tier 3, sub-$5k) — main-street tier",1,2,2,3,3,3,3,1,3,77.8,Y,Y,Y,P,0.9,,0.95,66.5,Complexity · Prediction · Capacity,2,"BizBuySell 2025: 9,586 closed deals, $7.95B; median price $350k, 0.69× revenue, 2.61× cash flow, 170 days to close; Acquire.com SaaS 3.9× profit, ~81 days on market.",BizBuySell Insight Report (quarterly); Acquire.com multiples report; no API; post-close outcomes not tracked.,Listing (industry × geography × revenue × SDE × asking × terms) × offer / pass,LOI → diligence → close → post-close cash flow over years → seller-note default / earn-out,3,Paper boundary: feedback arrives years later; one operator cannot reach 100+ observed deals → pooled/enterprise (search-fund or roll-up) data only.,Roll-up or search-fund platform with 100+ acquisitions and a decline log; otherwise blueprint only.,high (BizBuySell/Acquire figures),https://www.bizbuysell.com/blog/2025-year-in-review/ | https://blog.acquire.com/acquire-com-biannual-acquisition-multiples-report-jan-2026/ | https://ctacquisitions.com/guides/small-business-ma-statistics-2026/
32,uco,Used cooking oil (UCO) / waste-oil collection routes,Renewable feedstock / routes,t4,New — not in the 135,3,2,2,2,2,2,3,2,3,77.8,Y,Y,Y,P,0.9,,0.95,66.5,Operational fit · Scale · Capacity,2,"Restaurant-side rebates $2.00–4.50/gal (avg ~$3, 2025); national volume not verified (industry-cited 3B+ lb/yr, unverified).","The Jacobsen UCO spec/price (IOSCO-compliant) and Argus US UCO assessments (paid); renderer buy prices negotiated, not public.",Stop (restaurant × est. gallons/month × rebate × route position) × sign / drop × route,Pickup → volume & FFA/moisture test at renderer → deduction → payment; theft losses,3,Sticky incumbents and permitting are the binding constraints; price keyed to RFS/45Z/LCFS credit values; theft (Dec 2025 multistate ring); per-stop yield hidden until pickup.,"Collector's 12 months of stops (signed and passed), pickup volumes, deductions and route costs; score stop selection under route density.",medium-low,https://greaseconnections.com/used-cooking-oil-pricing-guide/ | https://thejacobsen.com/about/methodology/uco-spec/ | https://www.argusmedia.com/en/methodology/key-commodity-prices/argus-us-uco-price-assessments
36,textiles,"Used-clothing bales, credential clothing & fabric deadstock",Recycling / apparel,industrial,Adjacent: Deadstock and branded apparel lots (new goods) — this is used/export,3,2,3,3,2,3,2,1,3,81.5,Y,P,Y,P,0.81,,1.0,66.0,Complexity · Operational fit · Attention,3,Buffalo Export ~50M lb/yr; Bank & Vogue in 34 countries; grades supplier-defined (Cream/A/B/C); listing counts unverified.,No public price index — every supplier quotes only; landed-cost method; Apex Fashion Lab deadstock market est. $6.7B (unverified).,Lot (source × grade × weight basis × destination) × lb × $/lb landed,Buy → ocean freight → sort → graded resale by destination → unsold/rag write-off,2,Yield of saleable grade unknown until sorted; bale-level attribution hard (gate 'Outcome' = Partial); weeks–months cycle; destination import bans.,Sorter's 12 months of bale purchases with sort yields and graded sales; test if source/grade features predict yield-adjusted margin.,low-medium,https://www.bankvogue.com/blog/credential-clothing-bale-guide-for-buying/ | https://www.buffaloexportllc.com/credentialclothing.html | https://resale.queenofraw.com/
36,mediaremnant,Traditional media remnant inventory (TV / radio / print / static OOH),Demand — offline media,demand,Adjacent: Small-space advertising; Display and programmatic inventory — offline remnant is new,1,3,2,3,3,2,3,3,2,81.5,Y,P,Y,P,0.81,,1.0,66.0,Time · Attention,2,No volume or discount figures verified; agencies claim large discounts to rate card (unverified).,No public price feed; measurement via response/attribution — unverified.,Slot (station × daypart × week × creative × price) × buy / pass,Buy → airing (no guarantee; preemptable) → response/attribution → make-goods,3,Hidden variable is delivery of the asset itself (airing not guaranteed); attribution weak; keep the novel slice offline — DOOH overlaps the catalogue's demand group.,DR advertiser's 12 months of remnant buys/passes with response data; test abstention on preempt-prone dayparts.,low-medium,https://www.simulmedia.com/blog/expert-guide-to-remnant-inventory-and-tv-advertising-strategies
38,containers,Used shipping-container resale & one-way leasing,Logistics,capacity,Adjacent: Container repositioning (operator side) — this is trading/SOC leasing,3,2,2,2,2,2,1,2,3,70.4,Y,Y,Y,P,0.9,,1.0,63.4,Operational fit · Attention · Capacity,2,"xChange: 1,700+ vetted partners, 2,500+ locations, 29,000+ containers across 150+ NA depots; 2026 US delivered: 20' CW $2,800–4,000, 40'HC WWT $3,500–5,500.","xChange monthly market report and price/leasing indices (paywalled); retailer price guides; one-way credits (Shanghai→LA 40'HC pickup credit $1,460, 135 free days).",Box (size × grade × depot × date) × buy/lease × price or one-way credit,Buy/lease → survey → trucking → resale or drop-off → damage/repair charges,1,Subscription gate; regional imbalances shift quickly; survey vs grade disputes; small spread on trading.,Use xChange history for 12 months of listings + one-way credits; join a trader's buys/leases; test if imbalance features predict per-box margin.,medium-high,https://www.container-xchange.com/pricing | https://www.container-xchange.com/blog/one-way-container | https://containerone.net/blogs/news/how-much-does-a-shipping-container-cost-complete-2026-price-breakdown
38,asics,Used crypto-mining hardware (ASIC / GPU rigs),Energy hardware — crypto-adjacent,industrial,"New (hardware is ordinary commerce, but value keyed to BTC hashprice)",2,2,3,2,1,2,2,3,2,70.4,Y,Y,Y,P,0.9,,1.0,63.4,Time · Prediction · Scale,3,Small model universe (~10 current-gen SHA-256); prices $10–30/TH (Hashrate Index 2026); hashprice $31.89/PH/day (Aug 2026) near breakeven.,Hashrate Index / Luxor ASIC Price Index (three efficiency tiers); hashprice series; weekly roundups (free).,Lot (model × condition/grade × qty × location) × price/TH,Buy → burn-in → resale or hosting → hashboard failures → obsolescence write-down,2,Paper boundary: target dominated by one irreducible shock (BTC price/hashprice); tariffs 21.6–57.6% on imports; breadth low.,Only as a hardware-dealer ledger test with hashprice as a feature; expect low incremental value over a hashprice rule.,medium,https://hashrateindex.com/blog/top-10-bitcoin-mining-asic-machines-for-2026/ | https://kaboomracks.com/faq/ | https://www.theblock.co/post/365793/trump-tariffs-bitcoin-miners
38,appliances,Scratch-and-dent & returned appliance/furniture truckloads,Liquidation,t2,Adjacent: Returned-goods resale; Appliance and electronics repair-and-flip,3,2,1,2,2,3,1,2,3,70.4,Y,Y,Y,P,0.9,,1.0,63.4,Capacity · Operational fit · Scale,1,"Truckload = 40–80 units, $20–35k; Best Buy S&D loads 95% no repair / 4% minor / 1% parts; returns loads 70/10/20.",Manifests per load; B-Stock appliance auctions (unverified); no index.,Load (program × manifest × repair-mix expectation × freight) × take/pass,Receive → test/repair → showroom/online sale over weeks → warranty claims,1,Rationed supply (enrolment caps) → menu is thin; hidden functional faults; warehouse and delivery needed.,Discount appliance store's 12 months of loads (taken/passed) + repair and sell-through ledger.,medium,https://neuappliancewholesale.com/pages/best-buy-appliance-liquidation-program | https://neuappliancewholesale.com/pages/wholesale-appliance-liquidation-programs
41,gradedcoll,"Graded coins, stamps & comics (PCGS/NGC/CGC; Heritage, GreatCollections)",Collectibles,t1,"Adjacent: Trading cards — sport and TCG (same family, missing lines)",1,3,3,3,3,1,0,2,1,63.0,Y,Y,Y,Y,1.0,,1.0,63.0,Attention · Prediction,3,Heritage archive: millions of lots (free with registration); weekly auctions across coins/comics/currency; GreatCollections $250M+ sold.,Heritage prices-realised archive; GreatCollections archive; PCGS Price Guide + Population Report + Public API; CGC census; NGC guides.,Lot (cert × grade × CAC × auction × date) × bid,Win → hold/regrade → resale at auction (weeks) → round-trip fees 20–30%,0,Boundary example: cleanest telemetry but no consumption and low ops → open capital competes away the edge; round-trip fees dominate.,"Cheap benchmark: replay 5 years of Heritage archives; likely shows P34 ≈ comps rule; use to calibrate, not to operate.",medium,https://www.ha.com/information/about-auction-archives.s | https://www.pcgs.com/publicapi | https://www.cgccomics.com/population-report/
42,chassis,Intermodal chassis / trailer / reefer spot rental,Logistics capacity,capacity,Adjacent: Container repositioning; Equipment rental — chassis/trailer pools are new,3,3,1,2,2,2,3,3,3,81.5,Y,P,Y,P,0.81,,0.95,62.7,Capacity · Time · Operational fit,1,DCLI daily rates from 1 Jul 2026: $28.55 (Southeast) to $47.50 (Pacific SW) incl. damage waiver; LA/LB short-term $20/day → $10 after 90 days.,DCLI public rate page; UIIA per-diem/free-day schedules; no API.,Equipment (chassis/trailer/reefer × pool × location × date × term) × rent / reposition / decline,"On-hire → use → gate fees, repositioning penalties ($250), damage disputes, tolls → off-hire; detention/demurrage",3,Pool access gated; detention/demurrage accounting messy (FMC rule under OSRA 2022); attribution of per-day cost to a load is partial.,"Drayage carrier's 6 months of daily chassis/trailer decisions with per-diem, penalties and load revenue.",high (chassis rates) / low (trailer marketplaces),https://dcli.com/daily-market-rates/ | https://uiia.intermodal.org/documents/uiia/newuiia-Home.pdf
43,emptyleg,Empty-leg & repositioning charter capacity,Travel capacity,capacity,Adjacent: Air cargo capacity,2,2,1,2,2,2,3,3,2,70.4,Y,Y,Y,P,0.9,,0.95,60.2,Time · Operational fit,1,"Avinode 3,400+ aircraft, 13,500+ professionals; ~300k requests/month (2018); ~40% of European bizav flights are empty legs; legs/day unpublished.",Avinode API (Ultimate); list prices on apps; no index.,Leg (aircraft × route × date/time × discount) × buy/resell or match to a client request,Book → flight flies or cancels (operator may cancel) → client payment → refunds,3,Leg may not fly; matching market rather than inventory; subscription gate.,"Broker's 12 months of Avinode requests, quotes and booked legs; score match decisions.",medium,https://avinode.com/pricing/ | https://nbaa.org/aircraft-operations/part-135/air-charter-brokers/14-cfr-part-295-air-charter-broker-questions-answers/ | https://theflyingengineer.com/private-jet-empty-legs/
43,land,Vacant-land & rural-parcel flipping,Real estate,t3,Adjacent: Tax lien certificates (flagged) — outright parcel purchase is ordinary property,1,3,3,3,3,3,0,1,2,70.4,Y,Y,Y,P,0.9,,0.95,60.2,Attention · Prediction · Complexity,3,"LandWatch 526,047 US listings (Sep 2026), ~192k listed in last 60 days (≈3,000/day); off-market parcel counts unverified.",Land.com/LandWatch listings (no public API); county assessor/recorder; no authoritative rural-lot sold index.,Parcel (county × acreage × access × zoning × back taxes × asking) × offer / pass,Offer → title/escrow → resale or seller-financed note over months–years → buyer default,0,Slow realisation; title/access/wetland defects; seller-financed notes stretch feedback to years; no consumer.,Land flipper's 3 years of mail-campaign offers (accepted/declined) + resale; test if P34 beats their offer formula.,medium,https://retipster.com/dodd-frank/ | https://www.landwatch.com/land | https://www.landwatch.com/land/listed-60-days
43,ddgs,"DDGS / ethanol co-product spot (distillers grains, corn oil)",Feed / agri,industrial,"Adjacent: Industrial by-products and side streams; Hay, forage and feed lots",3,2,1,2,1,2,3,2,3,70.4,Y,Y,Y,P,0.9,,0.95,60.2,Operational fit · Scale,1,Plant count/volumes not verified this pass (RFA data).,"USDA AMS National Weekly Grain Co-Products Report (AMS_3618) — DDGS, distillers corn oil, value per bushel; regional text reports; MyMarketNews.",Lot (plant × product × moisture/protein × tons × week) × FOB price × haul → feedlot demand,Buy → truck → feedlot delivery → quality claims → payment,3,"Few product types (breadth low); quality variance (moisture, protein, fat after oil extraction) not in the published price; corn/ethanol correlation; relationship-heavy access.",Feed merchandiser's 12 months of plant-gate offers taken/passed vs USDA weekly and realised delivered margin.,medium (data) / low (practice),https://mymarketnews.ams.usda.gov/viewReport/3618
46,wool,"Wool, hides & animal by-product auctions (AWEX; packer hide tenders)",Industrial / agri,industrial,New,2,2,2,1,2,1,3,2,2,63.0,Y,Y,Y,Y,1.0,,0.95,59.9,Scale · Operational fit,2,Weekly offerings 34k–41k bales (8–14% passed in); ~85% of Australian wool sold at auction; bale ≈180 kg greasy.,"AWEX market reports, EMI, forecasts; AWTA certificates; USDA AMS by-product reports (free); The Jacobsen (paid).",Lot (micron × length × strength × VM × bales) × bid c/kg clean,Buy → dump/ship → mill sale → claims,3,Boundary example: objectively measured pre-sale → little hidden mispricing; passed-in lots are an excellent declined-option record but the edge is thin.,Cheap benchmark: AWEX passed-in vs re-offered price history; expect small P34 edge.,medium-high (wool) / low (hides),https://www.awex.com.au/auction/ | https://www.sheepcentral.com/wool-prices-tumble-under-weight-of-bigger-offering/ | https://www.ams.usda.gov/mnreports/nw_ls444.txt
47,pawn,Pawn lending against long-tail collateral,Finance / commerce — regulated,core,Adjacent: Micro-lending — individual (Active experiment) — collateralised variant,1,3,1,3,3,3,1,2,3,74.1,Y,Y,Y,Y,1.0,,0.7,51.9,Prediction · Attention · Complexity,1,"~7,771 US stores (NPA); FirstCash 1,207 US stores, avg loan $312 (2025), redemption ~85%, retail margin ~42–43%, inventory turns 2.8×/yr.",FirstCash/EZCORP 10-Ks (aggregate); Bravo POS holds declined-loan and offer data internally; eBay sold for resale comps.,Walk-in (item × appraisal × requested amount × term) × offer amount / decline,Loan → fees → redemption or forfeiture → inventory at principal → resale over months → markdown,1,Regulated consumer credit → gated launch like micro-lending; declined offers exist but only in POS; forfeiture resale months later.,Enterprise lane with a chain using Bravo: 2 years of offers (incl. declines) + redemption + resale; shadow-score offer amounts.,medium-high,https://www.stocktitan.net/sec-filings/FCFS/10-k-first-cash-holdings-inc-files-annual-report-b004a84f37ec.html | https://pawn-software.com/pawn-licensing-us.htm
48,cannabis,State-legal cannabis B2B wholesale (LeafLink-class),Consumables — regulated,core,New (regulated commerce),2,3,1,3,3,2,3,2,3,81.5,Y,Y,Y,P,0.9,,0.7,51.3,Attention · Prediction · Complexity,1,"LeafLink: 34 states, 12,000+ companies, >$5B annual GMV, 'millions of orders'; ~398,000 unique SKUs (141,488 flower) in the 2025 pricing guide.","LeafLink Wholesale Pricing Guide (annual); Cannabis Benchmarks US Spot Index ($1,123/lb, 25 Sep 2026); Headset retail data; METRC/BioTrack (not public per lot).",SKU (brand × product × potency/COA × batch) × units × wholesale price × terms,Order → licensed transport (manifest) → retail sell-through over weeks → price compression → expiry/destruction,3,"Federal illegality (280E, banking, no interstate) — HyperC would gate or exclude; licence required to hold inventory; retail sell-through is the real outcome.",Enterprise-only: a multi-store retailer's 2 years of LeafLink orders + catalogue snapshots + POS sell-through; shadow-score reorders; do not run on membership.,high (scale) / medium (economics),https://www.leaflink.com/press/leaflink-marks-a-decade-of-powering-cannabis-commerce-growth-across-34-markets-and-billions-in-sales/ | https://www.leaflink.com/press/leaflinks-2025-wholesale-cannabis-pricing-guide-now-available/ | https://www.cannabisbenchmarks.com/reports/
48,avparts,Aircraft used-serviceable material (USM) & expendables,Aviation,industrial,New,3,2,1,3,3,3,2,2,3,81.5,Y,Y,Y,P,0.9,,0.7,51.3,Complexity · Capacity · Attention,1,"PartsBase 15B+ line items, 3.3M repair capabilities; USM market $7.8B (2025) → $12.1B (2035); ~1,100 aircraft retirements/yr.",No public price index; quote histories inside subscriptions; ILS SalesEdge analytics.,Part (P/N × condition tag × trace × qty × source × price) × buy/pass vs RFQ/AOG demand,"Buy → inspection/repair (shop visit, BER risk) → sale → warranty returns",2,Accreditation and trace paperwork gate; shop-visit findings only after purchase; ITAR/EAR; unapproved-parts liability.,"Enterprise lane with an ASA-100 distributor: 3 years of RFQs, buys, teardown results and sales; test abstention on BER-prone P/Ns.",medium,https://aviation.partsbase.com/partsbase-landing-page-homepage/ | https://www.snsinsider.com/reports/used-serviceable-material-market-8691 | https://www.aviationsuppliers.org/asa-100
48,labcons,Short-dated lab reagents & medical consumables surplus,Consumables — regulated,flagged,Adjacent: Short-dated food closeouts — the reagent/device version,3,1,1,3,3,2,3,3,3,81.5,Y,Y,Y,P,0.9,,0.7,51.3,Time · Scale · Complexity,1,Unverified — fragmented catalogue-style resellers; XS Supply '$2M+ recovered for 500+ facilities' (cumulative).,No price index; retail list prices as comps; no closed-lot archive.,Lot (SKU × lot number × expiry × storage condition × qty) × offer,Buy → cold-chain → sale to licensed buyer before expiry → expired write-off (training/research only),3,Scale unverified; expiry makes abstention decisive; licensing per state; expired product cannot go to clinical use.,"Surplus reseller's ledger (offers received, accepted, expiry, sale date); test expiry-aware sizing.",low,https://xs-supply.com/pages/sell | https://simasgovlaw.com/dont-get-caught-without-a-california-pharmacy-wholesaler-license/ | https://www.labx.com/categories/reagents-and-synthesis
51,ipv4,IPv4 lease brokerage (exploratory),Digital infrastructure,t3,Adjacent: Wholesale bandwidth and transit; Expiring domain drops — address blocks are new,0,2,3,2,2,2,1,2,1,55.6,Y,Y,Y,P,0.9,,1.0,50.0,Attention · Prediction,3,"June 2026: avg $21.49/IP sale price (−24% YoY), ~580k IPs traded in the month (IPv4Center headline); /16 below $20/IP since June 2025; leases ~$0.40/IP/month (IPXO 2025), APNIC region >$0.60.",IPXO price history; IPv4.Global prior-sales data; CircleID trend posts; no formal API.,Block (size × RIR × reputation × routeability) × term × $/IP/month × lease / pass,Lease → announce → abuse/blocklist events → renewals / default → return,1,"Thinner than freight, no logistics, drifting exchange-like as transparency rises; blocklist and geolocation lag hidden; RIR policy variance.","Research-only: replay a lessor's 24 months of listings, offers declined and realised utilisation/abuse.",medium-high (prices),https://circleid.com/posts/2025-ipv4-price-trends-2026-predictions | https://www.ipxo.com/blog/ipv4-price-history/
52,finewine,"Fine wine & rare spirits secondary market (Liv-ex, WineBid, auctions)",Consumables — regulated,t2,New,2,2,1,3,3,2,2,2,2,70.4,Y,Y,Y,Y,1.0,,0.7,49.3,Prediction · Attention · Complexity,1,"Liv-ex 500–620 merchants in 42–47 countries; 16,000+ tradable wines; ~£100M live bids/offers (2018); LWIN 200,000+ wines & spirits; WineBid 'thousands of new bottles each week'.","Liv-ex 50/100/1000 indices; LWIN (CC licence); Liv-ex APIs (tiered, no scraping); WineBid/auction archives public per lot.",Wine (LWIN × vintage × format × case/bottle × condition/provenance) × qty × bid/offer,Buy in bond → storage → sale to trade/collector over weeks–months → condition disputes,2,Membership at committee discretion; alcohol licensing; provenance/counterfeit only at physical check-in; cask market rife with fraud (flag).,Use a Liv-ex data membership + WineBid archive to build 24 months of menus incl. lots not won; shadow-score a merchant's buys; exclude casks entirely.,medium-high,https://www.liv-ex.com/liv-ex-membership-terms/ | https://www.liv-ex.com/lwin/ | https://www.winebid.com/Help/WhyWineBid | https://www.thedrinksbusiness.com/2025/03/calls-mount-to-regulate-sham-scammer-whisky-cask-investment-industry/
53,str,Short-term-rental arbitrage (lease-to-list units),Real-estate ops — regulated,flagged,Adjacent: Peer storage and parking leasing; Equipment and vehicle rental flipping,2,2,1,3,3,3,3,1,3,77.8,Y,Y,Y,P,0.9,,0.7,49.0,Prediction · Complexity · Capacity,1,"AirDNA tracks 12,074 US markets; candidate menu = rental listings × market (Zillow/Apartments.com).","AirDNA (free market pages: occupancy, ADR, RevPAR; paid comps/API); AirROI; Inside Airbnb; city registries.",Unit (address × rent × lease term × furnishing cost × permit status) × lease / pass,Lease → furnish → nightly bookings → occupancy taxes → damage → regulatory change → lease exit,3,City-by-city rules change under a 12-month lease (constraints not stable); 12-month cadence; HyperC would flag like reservation arbitrage.,Only after counsel; operator with 50+ units' lease decisions + AirDNA + realised P&L.,medium,https://www.rakidzich.com/articles/is-airbnb-rental-arbitrage-legal-state-by-state-guide-2026 | https://www.airdna.co/vacation-rental-data/app/us | https://www.bnbcalc.com/blog/short-term-rental-regulation/new-york-city-guide
53,aginputs,Ag-input dealer inventory (seed / fertilizer / crop protection),Agri distribution — regulated,core,Adjacent: Procurement; Trade credit and payment terms — the ag-retail menu is new,2,2,1,3,3,3,3,1,3,77.8,Y,Y,Y,P,0.9,,0.7,49.0,Prediction · Complexity · Capacity,1,"CropLife 100 (2021): top 10 retailers = 3,288 facilities (68%); Nutrien ~1,000 outlets; total US outlets often cited 6,000–7,000 (unverified).",DTN weekly retail fertilizer survey (8 products); USDA NASS prices-paid indexes; no seed/crop-protection retail benchmark.,SKU (product × pack × season × supplier program) × qty × prepay/spot price × farm-credit terms,Order → season sales on credit → carryover/returns → rebates → write-downs; collections,3,Seasonal regime shifts (one menu per season); licences and EPA rules; dealer cost hidden in rebates; farm credit risk; months-scale loop.,"Enterprise lane with a multi-outlet retailer: 3 seasons of buys, carryover and sell-through; shadow-score prebuy sizing.",medium,https://www.croplife.com/croplife-top-100/top-10-ag-retailers-with-the-most-locations/ | https://www.nass.usda.gov/Charts_and_Maps/Agricultural_Prices/prod1.php
55,medeq,"Used medical & imaging equipment (DOTmed, Centurion/Bidspotter)",Equipment — regulated,flagged,New (regulated commerce),3,2,1,3,3,3,1,1,3,74.1,Y,Y,Y,P,0.9,,0.7,46.7,Complexity · Capacity · Prediction,1,"DOTmed: 375k+ registered users, 'thousands of new listings/month'; Centurion 100+ auctions/yr.",DOTmed asking prices; Bidspotter/Centurion prior results (login); no public index.,Unit (modality × model × service history × software licence × removal) × bid,Win → de-install (radiation/magnet) → refurb → sale to licensed buyer over weeks–months,1,"Regulatory: FDA refurbisher vs remanufacturer, HIPAA data, state radiation registration; months-long cycle; tube/detector life hidden.",Enterprise-only with a refurbisher; counsel review of resale licensing first.,medium,https://www.dotmed.com/features/stats.html | https://centurionservice.com/buying/medical-auction-bidding | https://relinkonline.com/blogs/homepage/navigating-regulatory-compliance-when-selling-used-medical-devices-what-vendors-need-to-know-in-2026
56,parallel,"Parallel-import / grey-market distribution (fragrance, cosmetics, small electronics)",Commerce — IP-flagged,flagged,Adjacent: Discontinued cosmetics and fragrance; Distributor excess inventory — grey import angle is new,2,2,2,3,3,3,3,2,3,85.2,Y,Y,Y,P,0.9,,0.6,46.0,Complexity · Attention · Prediction,2,"No aggregate volume data; categories: fragrance, cosmetics, small electronics, luxury; pharma excluded.",Amazon/Keepa price history; eBay sold; no grey-market index.,SKU (brand × product × batch/market version × source) × units × landed cost × channel,Import → listing → sale → IP takedown / stranded inventory → returns,3,"Legal boundary: Tariff Act §526 / Lever rule (materially different goods excluded), Lanham Act material-differences test, EU regional exhaustion; marketplace gating — HyperC should flag under API Terms.","Counsel review first; then restrict to non-materially-different, non-gated categories; test on eBay-channel ledger only.",medium (law high; scale low),https://www.mayerbrown.com/en/insights/publications/2025/10/navigating-the-gray-market-landscape | https://goaura.com/blog/amazon-top-restricted-brands-in-2025
57,bulkwine,Bulk wine & grape lots (California brokerage),Consumables — regulated,industrial,New,2,1,1,3,2,3,3,1,3,70.4,Y,Y,Y,P,0.9,,0.7,44.4,Complexity · Capacity · Prediction,1,"29.2M gal actively for sale statewide (Turrentine, Mar 2026); 2025 crush 2.62M t (lowest since 1999); lot counts unpublished.","Turrentine Market Update (free monthly); Ciatti report (paid); USDA/CDFA Grape Crush Report; WineBusiness bulk classifieds. Napa Cab $10–19/gal, CA Chardonnay <$5/gal.",Lot (varietal × appellation × vintage × lab profile) × gallons × $/gal,Buy in bond → transfer → blend/bottle → distribution sale over months → unsold write-down,3,Bonded-premises gate; months-long realisation; buyer's market until ~2027–28 = strong drift regime; declined lots only via broker snapshots.,Enterprise lane with a négociant: 3 years of bulk buys + passes + bottled sell-through; test P34 abstention under the 2024–26 oversupply drift.,medium-high (supply/prices) / low (margins),https://www.turrentinebrokerage.com/wp-content/uploads/2026/03/Turrentine-Market-Update-3-26.pdf | https://www.ecfr.gov/current/title-27/chapter-I/subchapter-A/part-24/subpart-D | https://www.pressdemocrat.com/2026/01/23/wine-business-forecast-grapes-turrentine-moramarco-vinoshipper/
57,carbon,Voluntary carbon credits & RECs (retirement-driven),Environmental commodities,core,New,0,2,2,3,3,3,3,2,1,70.4,Y,Y,Y,P,0.9,,0.7,44.4,Prediction · Attention · Complexity,2,"168M credits retired in 2025 (the consumption sink); 22,000+ projects × vintages × methodologies; CBL 300M t cumulative; $12.3B forward offtakes announced 2025 at ~$180/t avg.",Verra/GS public registries (issuance & retirement); Sylvera/BeZero/Calyx ratings (paid); Xpansiv market data + API; Platts assessments.,Line (project × vintage × methodology × rating × CCP/CORSIA label × qty) × bid / offer,Buy → hold → resale or retirement → rating reassessment / methodology downgrade write-down,3,"Price dispersion $2 to >$50 within one type; integrity events reprice held inventory; CFTC anti-fraud authority; commodity-regulated (CFTC anti-fraud), not securities — treat as a gated launch; no logistics/ops moat.",Research-only: replay registry issuance/retirement + rating changes 2022–25 against a trader's book; test abstention before integrity downgrades.,medium,https://verra.org/new-verra-program-fee-schedule-faqs/ | https://www.sylvera.com/blog/sylvera-state-of-carbon-credits-2025-market-shifts-from-volume-to-value | https://www.xpansiv.com/trading-platforms/cbl | https://www.morganlewis.com/pubs/2024/09/cftc-issues-final-guidance-on-listing-voluntary-carbon-credit-derivative-contracts
57,catalyst,Spent industrial catalyst / PGM reclaim (toll refining),Industrial recovery — regulated,industrial,Adjacent: Scrap metal and e-waste recovery — assay-uncertainty market is new,3,1,1,3,2,3,2,1,3,70.4,Y,Y,Y,P,0.9,,0.7,44.4,Complexity · Capacity · Prediction,1,Lot sizes and volumes unverified.,PGM references (LBMA/JM) standard but not confirmed in source; refiner terms private.,Lot (catalyst type × est. PGM content × hazmat class × refiner terms) × buy / toll / pass,Purchase → shipment (RCRA manifest) → sampling → assay → settlement 60–180 days (per brief; unverified) → treatment charges,2,Assay uncertainty is the market; RCRA K171/K172 listings and 40 CFR 266 Subpart F; months of capital lock; feedback slow.,"Enterprise lane with a refiner or aggregator: lots received/declined, estimated vs assayed content, settlement.",medium (mechanics) / low (terms),https://www.digitalrefining.com/article/1000660/recoup-money-from-your-spent-catalyst | https://www.govinfo.gov/content/pkg/CFR-2024-title40-vol29/pdf/CFR-2024-title40-vol29-sec266-70.pdf
60,tradeshow,Trade-show / exhibit teardown surplus,Equipment,t2,Adjacent: Office clearance lots; Hotel FF&E liquidations,3,1,3,3,2,2,1,2,3,74.1,Y,P,Y,N,0.54,,1.0,40.0,Time · Capacity,3,"'Thousands' of booths, counters, kiosks listed; no exact counts; no price index.",None public; listing prices only.,Lot (booth/hardware × condition × graphics-refit cost × venue × teardown deadline) × bid / pass,Buy → haul at show close → refit → resale or scrap branded skins,1,"Sporadic, event-driven supply; declined lots rarely recorded; condition and completeness unstandardised.",Exhibit house's 3 years of teardown buys; likely too sparse for floors — blueprint only.,medium (access) / low (pricing),https://usedbooths.com/how-it-works/
61,filmprops,Film/TV prop & set-dressing liquidation,Collectibles / furniture,t2,Adjacent: Small regional estate auctions; Office clearance lots,2,1,2,3,3,2,1,2,3,70.4,Y,P,Y,N,0.54,,1.0,38.0,Attention · Capacity,2,No sales totals; wrap-driven supply; no price index (Propstore/Heritage results are the comps).,Auction results per lot; no API.,Lot (item × provenance/screen-match × condition × pickup window) × bid / pass,Win → pickup at lot → resale (collectible or furniture channel) → provenance disputes,1,Provenance is the hidden variable (no accepted third-party authentication); sporadic supply; declined lots rarely recorded.,Prop dealer's 3 years of buys; blueprint only.,medium (Propstore) / low (studio supply),https://propstore.com/general-faqs/
62,hotelffe,Hotel FF&E & renovation liquidations,Equipment,t4,Adjacent: Office clearance lots,3,1,3,2,2,2,1,1,3,66.7,Y,P,Y,N,0.54,,1.0,36.0,Capacity · Operational fit,3,"2025 US hotel transactions 1,528 hotels / 186,925 rooms; 237 flagged for renovation; renovation cycles 5–7 yrs soft goods, 10–12 full.",None public; liquidator showroom prices only.,Project (hotel × rooms × item mix × removal window × distance) × bid / pass,Phased removal → warehouse → showroom / bulk sale over months,1,Sporadic supply; hotel nets only $200–300/room ('not going to get rich'); declined projects rarely recorded (gate N).,Liquidator's project log for 3 years; probably too sparse for floors — treat as blueprint only.,medium-low,https://www.costar.com/article/66442661/how-to-handle-a-hotel-liquidation-sale | https://hotelbusiness.com/u-s-hotel-transaction-volume-surges-in-2025-fueling-a-wave-of-renovation-and-conversion-activity/
62,gamekeys,"Game-key & software-licence resale (G2A, Kinguin, Eneba)",Digital — platform-flagged,flagged,Flagged class (cf. Aged social accounts),0,3,3,2,3,3,2,3,1,74.1,Y,Y,P,P,0.81,,0.6,36.0,Time · Attention,3,"G2A: 30M customers, 40,000+ sellers, 75,000+ digital items.",Public list prices; no archive; Kinguin integration API for resellers.,Key (title × region × source × qty) × buy price × list price,Buy → list → sale → redemption → revocation / chargeback (irreversible) → payout after hold,2,"Publisher EULAs, documented fraud (tinyBuild, Factorio), revocations; paper boundary: telemetry manipulated by strategic participants.",None — flag under API Terms.,medium,https://en.wikipedia.org/wiki/G2A | https://kasepo.com/become-merhant-sell-on-kinguin/ | https://www.osborneclarke.com/insights/paris-court-rules-users-may-resell-games-purchased-steam
64,anilox,Flexo anilox roll / plate-cylinder surplus (exploratory),Printing equipment,industrial,Adjacent: Spare-parts stocking; Industrial surplus equipment,2,1,3,2,2,2,1,1,2,59.3,Y,P,Y,N,0.54,,1.0,32.0,Scale · Attention,3,Very thin; no counts; no pricing reference.,None.,Roll (LPI × BCM × width × journal/press fit × cell condition) × buy / pass,Buy → cell inspection → resale to a matching press owner,1,Effectively no market — press-specific fit fragments demand; cell wear unknowable from a listing.,None; keep as an exploratory note.,medium (that it is thin),https://www.machinio.com/cat/anilox-rolls
65,regcf,Reg CF / angel-syndicate deal selection,Venture — securities,flagged,Separate perimeter class (like Alt-coin hedge fund / Thin public equities),0,2,2,3,3,3,3,1,1,66.7,Y,Y,Y,Y,1.0,,0.4,26.7,Prediction · Attention,2,"Reg CF 2025: $378.3M raised, 1,006 new offerings (−29%), 67.4% hit target, median equity raise $194k, avg 285 investors; AngelList claims 25,000 syndicates & funds.",KingsCrowd ratings/market data; SEC Form C/C-U on EDGAR (failed offerings public); AngelList data private to members.,Offering (issuer × terms × valuation × platform × close date) × invest / pass × amount,Invest → 12-month resale restriction → follow-on rounds / failure over 5–10 years,3,Securities perimeter (excluded from membership/profit-share); feedback arrives years after regime change (paper boundary); low ops leverage.,Research-only: backtest KingsCrowd/EDGAR 2016–2020 cohorts for follow-on/failure; do not operate under membership.,high (Reg CF) / medium (AngelList),https://kingscrowd.com/2025-investment-crowdfunding-annual-report/ | https://www.angellist.com/syndicates | https://www.joinarc.com/guides/angel-syndicate
66,royalties,"Music-royalty & creator-catalog auctions/advances (Royalty Exchange, SongVest, Spotter)",IP finance,t3,Adjacent: Kindle and audiobook backlist rights (Tier 3),0,1,3,3,2,3,1,1,1,55.6,Y,Y,Y,Y,1.0,,0.4,22.2,Prediction · Attention,3,"Royalty Exchange cumulative $200M / 2,000+ transactions, 30k investors (listings/month ~20–40, unverified); SongVest 185 offerings.",Per-listing LTM earnings + 3–5 yr statements; observed multiples 4.57–9.9× LTM; SongVest collections dashboard; auction archive shows lots not won.,Catalog (asset type × LTM × dollar age × term) × bid,Assignment (~1 month) → quarterly/biannual distributions → decay,1,Securities status ambiguous (SongVest explicitly securities); thin flow (≈1/day); quarterly feedback.,Research-only backtest of Royalty Exchange archive vs subsequent distributions.,medium-high,https://royaltyexchange.com/faq | https://altstreet.investments/platforms/reviews/songvest | https://www.spotter.com/creator-capital
67,hotels,Hotel room wholesale / bed-bank distressed inventory,Travel capacity,flagged,Adjacent: Reservation arbitrage (flagged),0,3,0,2,3,2,3,3,1,63.0,Y,Y,P,P,0.81,,0.1,5.1,Time · Attention,0,Hotelbeds 180k hotels; WebBeds 365k+; hotel × date × room type = millions of cells.,Live availability via API only after contract; public OTA prices as comps.,Room-night (hotel × date × room type × rate × cancellation terms) × buy,Book → stay → cancellations/no-shows/chargebacks → monthly commission,3,"Access effectively closed (contract bans) → boundary example: perfect menu, inaccessible.",None for membership; only as an enterprise lane with an accredited agency.,medium,https://hoteltechreport.com/news/hotel-bed-banks | https://developer.hotelbeds.com/documentation/activities/knowledge-base/certification/
